,account
0,47294V74AUV7DB
1,177EBX5TQ1P
3,578L0VKKUP0O
4,1181R5I5XOZC
5,4241
9,424FRTFQF6MNK6
11,424P3SO1ZO9
15,472TOOA4QWHH
19,424QE9A
28,1689MKLPEN8XWCF
29,177ZVIZLQWZQMB
32,168QGWEFLIC9
33,554RNIPXHE6DBP
34,424XLM0
35,16866
37,08266
38,696Q3
43,08233YYU8Y55XL3
44,586EFB7
45,1680AYV
46,020X68X3J
66,418LVPA55FLET9
70,418BKI
82,118TWBGA2D5IPN
86,317ZYHT0Q2MB
95,082C9903IM
114,12660HNF4CILP1
119,455BIXNAQE1O
131,082GR63S5Z
134,472QPAA7XF79URK
135,614OZBZ4
136,472W6E84E
143,082YGN
144,543ZP8
149,1772OWQOBTG
151,694SEJUQGYHWWS3
152,472H66FKUFV
157,0363CQ9Z83
163,09066EI4I
165,0909LDBX1NMKW3U
169,177N3
171,472QA
178,1189XA9PD78AI
180,30008BRQS38A0
189,168Y0GG
190,554DBL6
193,1268
200,081JN4D4F5T
224,1682JK9337
279,471F2
288,168FRE4
296,300DRCYNFK75X9
331,317G96J
351,472JPNU743V8R0X
374,168ZFY97C09CO7Z
382,126ZAQ39VIIU
392,471G
399,168PF1TUR81RYVV
408,1684CLERHA7H4HN
461,300X
482,126C
503,554J0TK
542,168UKCPHP9
555,543WH5T9ZHDVSL
603,424LOXRL0FWFT7S
612,168O
615,317HIUYUNIUD
628,543MZDMW
681,168EFB7
716,472MG40YN00BO
727,036EREFDKOH8
729,03642HL0TZ
744,082TF3KLA2W
867,210SKORLT
883,1686PWKDBS
889,317GHS5YX8B1
903,656EDDAAT28K
909,4721U8LWRH8J
914,0820AB57NJJWD2
955,300IX7MJ
956,168BA
995,082ZJH8
1008,112P8RLLIC
1071,1685J2SBXQFCMC6
1091,168ANV22NU
1134,455XQO
1158,168HIWK
1188,177JBH7W364UL
1190,177OBKDJ58RR
1201,168OZWAJJ
1374,694JT85W
1522,126WID
1707,168CXZQ
1714,082G3W0S18O
1838,168A
1868,082R4S17DLV1UJU
1950,0821WS2DTA9QS
1996,082C39XY5
2057,4727
2271,471F0
2366,30083BKDGEC6H
2494,4184CU5XFUD46J
2509,3007DUPNECKEE
2517,418WVYPM4
2550,081J4841XMKOP
2581,042WY7UCV
2693,543DOLU7
2741,300K9EE2
2824,168JMQBOU3
2899,082SL
3035,317SAA
3036,16825WBJ9VGBW
3045,036RW3YK
3099,543E5AK4O
3140,554MN0S2F
3260,0813O
3261,168F
3318,317XTEA575QUS
3578,300AE
3642,648E9YK3R
3806,5433X4I6IS6JW
3847,563EH
3997,418GH5GRSICJI4T
4070,300OYQB2ELFIRE0
4289,082Q2WND707
4317,455WTZB
4328,471P
4468,082V
4504,168HGG7KPN1
4507,036LB25G
4544,471KO2U1XVDXJ
4555,350HN
4639,1680NSMLSCX8TPZ
4777,471W
4897,118TZA1V
4953,563R
5066,036Z6
5078,081W5FXO8VCI
5126,5613R21C
5293,455GDMDSUSI67Y
5538,4604TMDRO9
5550,300K9ZOUBM0X
5638,081NMYAV7NR
5796,3007VB
6263,300TY
6666,036APW4CXOLG3O
6840,3009
7011,168KO9P68FC5YSG
7015,168GQ
7037,6949HVZ
7132,317A1M4BV
7358,3509L
7387,08225WBJ9VGBW
7400,300SHA9
7559,317J
7935,0823D43KOXUAR3
8369,090GYK
8578,350S9Z
8596,082GDXU3XOI
8598,118EKS
8607,1684BCCSO0YQ
8632,1181U
8643,168JFTOR
8646,082OQG7HJ72
8686,082KANFZSM
8694,317SPIK1Z6SKYO
8774,1685BQ85
8789,31776XGNJ
8798,036AF
8819,472JY6
8859,47205WSA1D
9086,168E5HNXNGCIN51
9389,168ZDJ4RW
9420,118WRZ7ISLG
9527,300WTE
9846,036IV4QV
9887,1265MMDIKQ6M2QH
10211,3002
10375,300RDRQR1XKH1B
10380,472VI
10414,081BSTVYCM5RO6
10433,038LAZ3LT
10764,0827J
10929,268F6BUAQT
11092,126XB2D00JHU8RU
11300,561PO82GY
11323,563RRSCY
11324,177BNXA
11339,471JJI5
11481,5617QXT
11513,168HLEBMVIEIN3
11621,036P6BZKVEON7ZD
11631,543W5B
11652,694MY9DP5NF
11839,03801E4K
11877,168E6IZWVPG2
12019,0360TE
12145,455KIQJU0PTKC3H
12150,353GWHSUCM3WJQ
12210,081RV5S8GW3
12288,543MJZLA5UYY
12347,082R1U1DVMV5T
12558,317ABX6U3XJM507
12559,1687K0IA8VFC
12735,300NUK
12771,268CUS
12775,168MMA2M
13040,028C2PZD1K8G
13174,118N6Q6I
13208,268ATI
13219,47148XKONT
13223,47114KRZJD3
13227,47185J6KSO
13276,118MS
13365,3500L84FE2L
13383,3171J615DQQ
13388,268VJNHG5
13476,082COKKVLHCWGZ9
13715,455BG
13728,3007JZ73GVN0UUH
13880,4723MKZOOUOS8IC
13940,3005PCT8NHXNMA
13954,197BM7
14117,2837PRRNUFYSYYK
14135,3003YB
14241,455VDM
14722,118LO6
14869,036Q916UWHOI2O8
14884,283TB
14976,317YVGHTVG8PD94
15090,082OBQFCYTG2B
15148,471BXGNGE
15178,082I
15184,317097ROF6FR512
15186,168RYW1X1CQY52
15190,168H3AQEKAX0
15191,300M8
15270,168M1
15294,317CJBWMM6OKXZ
15351,1686CR10PDC
15355,168LHSI
15359,16851A
15371,11869T28
15466,09067VX0ZI4RMG1
15514,036DF9GY3EKT
15516,1682IES
15550,300I6C
15634,317KS7GFJ9KLPL
15891,0823I
15921,036QBCZ6DGD
16374,31794PU4EQ28XW5
17084,460V9
17168,168596I869C
17312,300FE0EZ
17314,350PPMU
17472,3870SHGJVWRJXFK
17630,081SJFU1JJEV2U
17747,0365RWG
17858,090H5F5EY7I7
17996,168RH
18076,1683D40O
18082,118T36M91AVOIX
18086,082RW2HM
18167,118AVE4Q
18172,350YQS8H0
18182,3870UF4SHDALIG
18184,387PA
18186,626YO2YN
18188,1683PXFYD5MF
18194,300KR
18198,626Q
18200,626OQ8O0FTM3YC9
18202,1686BMD
18216,317XS6V4OK
18231,455P6KEV6WQ8CB
18243,300GW0
18313,300BTER5E
18453,300L1SVNZS
18612,126KEM2QSNBA
18617,578PA0F0NE9
18625,090RABQGK2AF
19052,472YHHUW
19189,694XYVOQGV
19223,082VVFVV
19227,082CY
19229,08238NI5T
19304,455GBINL5
19446,036R4S17DLV1UJU
19661,168XISGPX0VDHLV
19718,168R7N
19751,082ABMJTW9993
19817,3006G9
19826,1976QR54
19836,300ZH
20332,118SJTBUJ9IRN
20692,300RMXY
20695,471DH0
20941,283H7323K
21028,0827LXP2ZTEV
21221,563RX3R
21250,387ESSBZDKRXZZ
21297,694X61WM52
21419,69407YUMM
21561,6944GG9Y
21569,472OQ18S450BA
21583,472N7205
21602,418Q5ZK8
21607,694G2BCD
21714,317610
22119,3501Q9SQHUIQCJ
22206,168Q2UCUZWSNJ
22640,168IBOURGL5F
22876,694N
22956,177Y062JOPNBA
23112,082OVAX1Z4TSMQ
23167,3007W4RA6Y0
23242,036JQH0QYBZC
23587,0827H
23810,118ONH7DVSL
23867,578U
24538,4550B
24835,472EQSG98Z2I
24837,472DQ
24839,4726QJY6FSVA
24958,614BKPUZL
25053,3003
25187,118JG2EHDP9NX
25245,4553PSA
25890,0904LGJ0
26338,6264L6
26476,4728S9LO7KRC
26663,17752VGUOEY6Z
26937,283E7UB
26952,118TW9S6QJ4
26997,197PPNP85PI
27449,31747SGR
27568,300UR8WGKGQFWE
27588,118WU3UWL
27636,036IHTHWTXGCT3G
27859,387LQI
28162,082F0R1WKKNJVT1
28420,082FY01
28423,561DXVV
28459,561KSIRO3FK
28535,1686RTM6
28714,350C2UYHXH
28983,472EEA9T4JME
29014,0365UVYNUXYTS
29160,082K
29375,460UJYMZOLY
29548,4246ZJHP68N49
30057,694AV0JH
30412,424NI2YM7
30723,02863MCF9O
30825,1685L3O74JCON
30932,17731Z
30981,694UF2IEFWG
30984,694HSJARR89BSP
31154,2680
31228,283DQ79KIPKZ
31255,082RMRUOCERWK2T
31520,118CAJQGQ
31577,283YPAALI
31635,455VT8BZVSD9KNJ
31849,350AYDK5RKT
31925,350CYX
32167,3170IIZTCO
32441,3000I840KI1
32455,082MRTQMD
32872,387IGWREHA
33031,036OLO5
33079,563Y7RT
33107,472ZCRG
33112,563QN426PABN
33156,471HF6J3PWIYWS7
33415,4716B21HVYB
33417,410WCGRO1ULRM
33423,694APP8K
33425,694X9HA4IK7H
33429,218MWJBB0J631
33433,424NR
33435,424IYVV0ZF1
33437,424PA3WL
33438,317VQWL1AMP62
33447,4246
33467,118Y
33469,11812MP5DQPWRNA
33474,424GBX
33475,387DD
33479,455UZ9Y6660VAT
33482,11831YYV307QA2C
33489,300F2G3QOUVIWJ
33491,082YHMDJ
33493,2578A7G33B5
33511,283GDB
33512,082KJ8CJY
33514,082W7
33521,118C7WGGMDP75VP
33524,300BSZGY82
33532,177U8RN
33533,168ZG0
33534,1685JN
33562,300QHFMKXBS4CE
33565,317151IXZQ
33574,694LK
33581,469BQ
33584,424OR07A0JVW
33591,081LBN9W6
33599,1183M
33609,118R0Q9B
33616,03623
33668,300MG37AJVDNK3E
33681,283H566OR
33696,387XE782HK
33738,082CQXZJT2QS
33767,38700KJY
33799,0812JESW
33818,168XW4LQXAWBP9
33829,090HFLH0J2JR7
33841,1686D9S7QLC0HD
33911,46944RNHK
33944,387IAY6
33995,317CCUXE
34068,118PW7TSAV
34158,16883PH7WCUNRPQ
34248,118C2UYHXH
34405,317JCLD
34653,300OXJTAFI37TXD
34836,455CA
34964,317L4YCNGIY9OM
34972,177OD6
35350,118QBM4D8
35445,350UDH5E
35498,168XUXZ0P
35768,3175BH8DME640
35897,455T9OZM854O32
36534,300I3IRZB2MERHX
36824,283K9DB5A9D
36943,0363W
37006,1189KL3WAVZND7
37081,45515XF
37241,472KX2R
37249,694IJ
37283,090JULPQF
37374,177VY0F5
37403,471AS3165WUSU4O
37502,168PNLTQM9IL
37508,300GTC9CLJ3
37701,126XS
37813,081ZLEY9ABZ
37992,563CC8
38123,471A78
38195,455J4J1
38204,1688HP
38489,317QUXE8
38681,317U9CM1D
38718,168D5IGF1YAW70Y
38813,300ARTD9I
38917,0826H0EU
39054,168KN9P5CTA5
39467,387CTWV38M8
40022,036BLFIKS1PPB
40039,614H5NF7LO
40115,090EIQ7MF
40316,0827BSNJ0YC7YI
41271,0825PVPWOS7K
41316,08295NU87RK6WF
41364,1685G0OBBZJI
41483,081NEQ6X
41613,08225D
41632,082NZ
41645,218HR2
41900,1777FGFD21BG
42315,081OBZ2O9F
42427,081WLZE9F5W8Y
42464,471NC2AP5H
42804,082K12QIT8
43047,197H5NF7LO
43048,283H5NF7LO
43093,03609
43151,1180ODC4GQM
43943,578HW
44641,16886RAW9B0
44791,1684Y8TJFLVUF
44836,471AWAPB
44875,118XA2HHVKGFP1
44877,118K79
44879,118JLCW2R6
44881,118SLR3RBZKG46
44885,082SFA6ITD5XL
45093,1686IU
45095,0822BWMCFW9
45112,218HSONTQ8Y85M6
45187,3175X0UH
45231,5435EMO
45238,168EOQF8I8Z7P
45469,082KW7UT0X1L
46040,55473QL1M5AQ
46063,472JY
46068,19786ZPH1L2U
46285,168FKJC
46389,082HVJKJ6PHXK
46624,168H0
46672,317C46
46733,3500I
46989,472W4B72X0
46993,118XWUG
47000,424OID
47002,6940XY0
47064,387BGH4M3
47434,3506UT6AT0S1Q
47636,082KFMK0HI1V
47888,317K92UXSHZ1
47894,471H5NF7LO
47992,036G55SMNSRZ2WU
48255,0826SX3O2ZFH
48458,118JQEDWC5C2FM
48950,081YO947P2EJ4OM
49122,561B4LL51AZ9
49433,1688YP
49531,45551O
50365,168E
50897,317UEPJU
52293,168CQ4EV9
52319,317O28L11
52382,283G2PA2
52411,081KQFYVX
52664,300G8WA
53297,6146SXETBL
53323,626AJ6I14
53843,5633I4SQAC
54216,387YL
54309,082RWXIHPMLA
54640,081H9X3V
54919,118DJZL6VSPE12
54948,081W8HKB
56366,081JBJ
56501,300YH3WGMFK
56644,090X3KD8ZA0OIOW
56768,350O8NKB0HX463
57069,455CWQITA85
57360,455FH9F6
57371,648VKV8RQ
57391,424HKA4RMG
57423,4244QCY8XSD
57694,471BSA2AFBM
58127,118D2URG6
58391,543X0V2
58417,387LZATCSGPV3IP
58722,082I21
58807,168UNSV
58839,16887OS2O7
58845,168S81
58857,387CPFBDG8G5UX
58903,0906HRJRH
58981,168WN0WO1NTUWUE
59462,118ZZWRYTL
59705,350H9EJ7I3W
59926,118NS494R9LJ
60191,472TXO1Y
60616,082QYID90OWIE
61103,082XGRWQV
61293,300VO00WT
61762,563OXHV7IX6RJF
61777,082NH6ZBZ5RK
62008,1770ERSI
62050,578H5NF7LO
62164,081VEV
62177,082UWMZV
62512,38791FGB5WC9QIY
62626,036A9QQL34J15N
62760,0819G5
63173,626RUR48JLHV
63192,082VXOUD
63682,082MQOVSJECF
64546,4718KQ5BS3IEXYF
65239,350U5B9JCVY
65824,081BW9X
65846,350KBRA
66164,300JTQNERG
66192,2832EP6K0LC7M
66520,300K6Y62O1Q4
66865,472LO3Z
67657,197OD
67664,177FDBRTX8UFL3P
67943,460A0HZY9P3
68787,694JBM1LOB
68816,317QK
70951,082ZRMN3WF8HY4G
71302,082KWVO2P03
72372,082LE0K06Z2K
72668,3872A7HRWY6ESQ
72952,387FFW2EU
75381,082S
76110,5636OT4WSMQZQ
76615,16870X2N6JZ33
76628,082NIIA6
76672,317N82I6003LU
76728,03891T073FWRU
77399,317XUITX
77782,317ZPU5J
78102,3872QWZWP4
79601,455VW03
79718,168Y4WS6
81238,0388IZZVD
81457,118A0Y3
82305,4716F
85935,038Q1
86737,387CT0O09D
86867,4552ISLSOYYB
87832,082B
91316,626E4CCN
93992,3879FHC
94036,69478J
94650,4249D
95260,0828C52A
96596,387D2Z
98862,30043VVOE
98879,118AQ9LEH
99279,3505V1
99410,082KPXVKDVX
99911,11849W
101008,168NXC7AMVK4MME
101085,168S4DDGF1GL6
101996,317H5NF7LO
102276,300LNNQ
102579,300OW30ER
102769,300BRYVSUTZ2QP
103926,387RDT2K0OG2Q
103934,16811VAHWS
103941,168MF2
103943,5780ZZ9RTTCMW4
103948,16862WMT
103949,300IHQ
103950,082UBW1
104154,082XR10JDVEFV
104191,168OEOJ
104334,460UG4NTWOJFFMW
104429,300V6YVJ3
104460,0900K7PFZ2TL0
104526,563652WBB4UW3YW
104719,694NEZOCKYCZ
104800,350M
104804,626K5T717QK
104846,082VMTUIZ
104882,3007GL0Y2P7
104894,036DPEMDRIWLT2R
104898,118CBAXKOI
104900,1181E
104991,082B924FK
105938,082N058T9UZI0D
106389,268BX3GAZSZTLPP
107092,118R7MJCNT9
107290,2831O
107676,317NCMW40A7MKR
107680,694RU7
108109,387YQ6761R0314V
109733,118E4D
110108,082RFV164
110314,300IBQWA107A0
110770,5787BSF7532B
111074,4553U1N
111200,3173LI43
111403,168TIPDOV
111688,56361RMLDOL9F1
112087,350RUP4EH07PZCJ
112192,350WWMLNXO49WFA
112451,578QTQMJNSHVMP
112681,2687SC4
112861,118AC
113376,694ZGW3ED8A
113418,4727FS2MWYY9PV
115657,300EIYC
116145,118GP6RII
116356,218K490
116402,471S2Q
116466,082B182
116469,317VA6NZBF2KO2W
116640,0388JGBGGRS1OGN
116719,4556VBO57YSLR19
116721,455J3JE3
116748,1689QWZ
116749,694E4
116761,118UPZ7CTFCG
116773,3008H4
116799,455UMO9F3BOIEP
116836,11845COP
116847,1188V
116875,455AA71
116881,11827I
116883,1180UMFWJC
116902,168HTMZXD
116977,460Q65Q
116979,036MB0NUZDZLXHB
116980,118TYKE
116984,168JGP
116994,081T9P59PCN
116996,081LV8HLKVPZ
117130,3002FFRIWJU
117132,3006FDA9DA
117204,036TJPD1HQA
117206,168DUR1YXCJ3
117212,168W5E0PS60KZY
117224,0811I2WALVLTRW9
117234,08235O5IO8T
117236,082IRVX419
117256,082GER6M9MP
117258,082VI5BUE0C
117464,3001JFDXBXECFPM
117490,2839INYLCVBMMQO
118071,168BZX
118180,118IVEB
118263,3174O
118611,578BNPCNMN
118650,317UQS
119125,4600EKBLPW
119381,563H5NF7LO
119383,387H5NF7LO
3,460YVDZEL0BB
10,4245EQHVZJC0SP
123,036IAW29E42Y
140,4607GIXZRLART3
299,317WE
334,1683MAS
404,69434AJBM88
513,317PD
544,543ORPXXF
997,168W0QGAW7L9Z
1033,472MD6I8ZL
1466,036TH0
1716,1687UQSCE
1735,42402KCWAH
1785,6947PURUCU
1814,694QS
1816,6947ZA5NF
1822,694A02
2012,694NY
2061,082AFLAMF
2077,16870Y92S1AK8PI
2080,03682O
2095,578MBJDTU2
2100,455RLNJ18N3YLT
2149,1683JXSARJ
2153,168GRQM5B
2270,081C6
2386,1685ZM6CB5ELS1
2506,09069SS92W
2681,45590UEAOH
2784,1687BBF6P5
3876,118QG71LJHB5
3944,168JOZNDYVWVY7
4043,300EI2BDUL
4052,350Z5C25LR
4065,090BWM
5062,0827E8IJ4752UGJ
5077,578UFW1C
5435,694TV1RR
5518,082R4EDBIE8VL
5808,1685EVJV2UQF
6227,036VOB99LD2
6931,300HODLA9
7533,418OBPK417OAKP8
8225,0823R21C
8888,118XCGN5376B0
9456,082B4
9845,2183F3P
10913,1687BUMS
10925,300OR5SM0CGG1K
11173,0363LI43
11208,082PNUDVXHXC589
11243,082B08D9MQU
11838,082UM
11915,3171LG1A
12577,0382G0PX
14085,4721IU
14320,168YK
14549,081MVJ9SW
14607,118AXXK
14671,317ZFJE5
14682,387IVX
15539,317084F8CYJGI
15745,08289ET9MI3C
16288,036NEHNMG
16437,317T54URIBFLREX
16513,543NRCMLXH
17060,4557E
17344,0360VVRQ4
17907,118XPS
17960,168GV2QSA
18177,578PU8CW
18188,036M4V2UUJH
18222,218NQ9MF
18369,31741TISRSYIRZ6
18375,455DLDL1DRG1GTD
18435,036R7XQMB
19477,317J20
19598,126Z
19851,118KLU5BHPJM
19854,082WAFGJD
20539,317OB5J
21175,317MF0
21782,4553DSZH2
21883,694X9JAW9H4
22803,168IE97
23837,614KM
24061,1682WZA8LWX8R
24113,082AZ12
24130,1180KJYI25C
24662,168Q5PBOO1PJ6
25176,0813E1HOG5AFK
25575,317GG8EOFE
26324,350RLI1XU
27157,387TPY9VJZPTRR
27895,472K75L
28027,387Q5ZK8
28410,561PQ7PL9NN
29386,317XMXR050
29473,036H6YL2AA921HD
29860,118UD7SVFSI
29941,1189SAD
29961,118PXN1
33990,081SXL
34000,118HPLQ
34041,694DINADXXF
34261,0819DN
34327,036I3W1B1YL52
34779,472GIH7NFXYV
34952,5784XVAOQL4FWSO
35510,455SBGI12Q7P3Y7
36050,543W86NMQNXD
38613,30082ST2
39005,1684LQ
39881,317WZTN
41057,268H5NF7LO
41361,082GFTFAPUVWSO
41373,082MCCP1
41388,6949QOV5LWPY5
41397,090JIHD29
41401,081Q6EVO
41429,0823H267A791B
41431,350VCH
41458,1183V
41694,036KLPCC8OFPMF
41746,300OZ5JW
42266,1187RA6SA
42614,218WOZ32NT9N
42674,317W0H1RBGFZ3T9
43147,168Q9RCRL6
44657,0826P
45464,561DMM8F9C2NY7
45644,47177MCUHE60GC
45834,1180IKCU
46224,036TRT
46665,081A3ZBHHOT7PUM
46898,082ESM0SS
47010,4554W
47388,350WIGP7KJX81
48696,350PV7
49608,300AU02AA8YEA
50400,472E3VIUT
50540,350ENK
50558,300L9LO
51274,387MTPYL49DU78
51447,1689TCN0
52283,472QGXYC1UWH
52504,4728MYVS
52638,563A1RYQ
53209,038H5NF7LO
56089,1184PZEFEXSHR
58752,578E9DO
58908,578KEXJDQS
59502,472TP5KTOI
59733,1185L3LTX8469ZD
60138,081BNXHG6ZJ61
60576,0906DDINIARE
63360,300VF743RWLGHAL
63486,168J4PE1UC
63966,4553KU15A331
64110,168K79
64114,168JLCW2R6
64116,11827YTAX88U1
64173,036MS
64670,1184SI
64872,16829ZSK7
66509,472MCDY069Z76
67373,08177Y2T6VK
67387,472FP
68879,0900JAQI
70091,08112AKRL0
71094,168TS7BMU0H2DT
71873,3008J3
72030,614D
72240,300O7NO
73070,350AYDRJUHRNG
73333,694LLQPF4URCG
73622,460K2
74619,168TU8ADR
74708,168SVA50Q0A
74745,118W1JLD2A0
75907,317Y0U
76323,081M5ZDE
76625,387DI5TTRMT128
76716,472BHLA0N3B3BU4
78512,4551DH8J1
78771,168GZ
79173,471OZCHSW
79772,317YOX
80055,1184QA7Z92HL
80543,3175LD
80731,317GB07YBDNGT
80824,561O7TZU0JT
81831,0826BNAP
83957,082PW3CD6U
84914,4725AT
85170,317LAVZC799
85176,424Z044
85203,472BQWHCD
85276,42444N22BWND
86033,118YQ0DHJX9CVMZ
87361,082XENWPUYM
88036,1184E6P5B
88326,300A5MNPCES
88352,168O8S56CQL
88565,3508J66L9PD
89279,300UM9
90168,31764H7C6UZZZS
90490,387XWFCL1YN998
92329,317B871EN5UZC
92447,471XSEK
92994,081UFCPDYW4CIGY
93623,038NJQ4
94954,0824C9S
95662,4722J3LOQ
98143,0361C9785KQEH
98539,460H5NF7LO
99004,4724BF1C
100875,578DNNSGHVYTYIL
101592,47279FIY0
101622,4728S6DY3C1
105183,4725IA9P4N5Y
105185,472YJ21RTO
105664,455W0TU
109669,317KEQO0
110481,455O69AD4JO8
110638,472G35895UCH
112996,578VM
114027,1188D9T12A0YF
114260,471IKC
116057,69478FMNU
120796,455CZ86
121886,387LBWD83CYHNO
121999,472ZTO5
124457,1180IRY5B
124459,118LVYQGIZX4
124764,090G84
125743,471H2FQ3D4J
126125,1681YS6MEF9W
126332,1182Z
126937,694O3I7W8
128722,4721MAE93
128735,472B8
128775,168T32G9XBEH
129447,16897KFLFBKC
129453,168PZ4JY
129493,1186YANCRD
129844,317NO
129924,082QY55
130496,082S7F3DBIFUBU
130550,118S4
130586,118S1PI0Q
130604,387K50
130758,317BBYZ24KYVRWA
131541,082HL3WI2R5
131729,455989PRV2G2
133796,283VW
134162,118VEP
134660,300ZW7E0YD0B
135072,317R2DN2L
136159,118QE25
136624,090G8NHDM9FTDK
136967,472W4YW
138339,3870PADJ8QBWW0R
138824,16892M2N8SQFNQ
139153,472ANNIDD73WM4K
139157,472WN
139770,472WM6Y
141256,317APF
142437,471F3LC00COCJ6A
142489,471AVIR03BSDPHA
142517,16896L0NIG
143106,387EXL
143181,424ELGQV133
143207,471XVJY84ULA
143978,081CC
144069,35079DN0KQG
144229,1686DHP9IFFAVO
144747,118NSAV
145493,082HSTLZBKVAB
145507,4713GQZ2N7
145615,455LSOX
145699,387LZSR6SBPW3T
145989,455IR4MZ3
146093,300T1QXOP0C
146161,036MH
146195,3179SJ0G9ARQRU
146202,082GX9QDQH
146208,082MI2Y1UX
146220,082DKB
146222,082BI3OBHY
146328,16839PHB8JL1IP
146344,350FCGP1KV4SC3P
146648,118LO4GMT
146650,118OFI62
146654,118I4J
146662,118LDOCVM2XKV9
146678,082PWOEVRJCP7A2
146700,0817AC
146702,0827N1IS9KI9
146750,317CEY306
147292,0382FN5VJMB3HG
147578,118QSZDULSCA0XV
147963,268MFXXGDJ
148414,424V8FSLBH
148514,3002O9GNTMC
148664,082X5J91PYD
7,424CYW
13,424GS97
26,626QDCH8
116,036NODO80
148,0828GF
442,3506EIO3I
1056,082L6Y3OYRXT3F
1105,578DKX1782Z
1480,4606JHMG0MWX
1728,471DXMI4646ZKDA
2561,082QG71LJHB5
3414,300X3QA53
3826,08217034N0
3828,0827QTJQ
3831,082XBXSH808E39Q
3882,6941Q8KM5
4429,317UFV0E
4587,350VUTVUR
5228,561M4U4ENL
5405,082EIWNXNAJ
6190,168HKGFOZSAS
6410,300ZO1PO3S92KJI
6691,081RH6EA1HP
7160,350CWGV15PQERS
7259,1182WX3BY02
7348,0826UKIXBB8RW
7612,118WYPVI2EZ
7628,471OXEY6
7800,118Y4AF9PV
7831,118LYOLOIX
7964,300OQIQPWALTY
8174,563YCVBB
8303,090XK
8406,0368PRF8QEH
8437,082L31O5AKEYC0
8439,168K49
9841,168BORRIL
10320,082XZU6ZID88W4
10557,082X8GJG
10559,0825V5JRMMM3
11116,563374V
11464,455Q07EEGMC15G
11488,082K9X6
12017,694XJV228LXJR5M
13116,1184C2OCZXO
16624,118W2F8XG
16664,1180IJ7CW8RB265
16891,317SF91QS7
17033,472GKJ4KFTMWA
17744,118KKH
18272,036O5MUM95K0
18330,3508426679V
19183,036I207
20035,1682F3P57IQU
20099,1687P1
20183,300AE5HX
20325,626E2HCD1V4HZGB
20327,626JGUNO6RAXAZH
20412,561L2
20423,578J1HT5CO3
20509,1680BIMMHX
20809,578RDD9CKA
21312,268A78
22259,47269MNZV
22598,4712C48MDQJ4
23052,424XT8O2
23130,350VI0BZFHTG
23164,424TUA2FH9V2
23391,0360D7HWN
24184,082A68J3
24832,694QU9MVLBGF
25832,317PIV
25926,081N9WZBPXYX0T0
32653,168DOT93R281
33049,168UN3F7KA07
33143,694OSKCZ
33278,118SVOS0A
34188,317E8R36P9JSH
34577,578T
35420,424TZS9CK
35422,424NBEO2U
35427,082IZBC
35437,082A9PFY
35440,694FQ
35455,317I4YFV2M4
35463,350UQRHNEZ
35464,082D33BXOB4
35468,118OAEQF5BGW
35481,1685ME
35534,118ZQ9A1
35762,036J6I
35780,0361IZ7OSH
35786,0364HLPGNA
36779,350T3SJJW7W
36867,3508QKJ661
36944,578KOF9
37040,471RHRWU7DF
38467,283WO60TGH3YD5
39665,168A6B0
40131,082XYLUQF2B
40175,0368QV819M
40324,3178KGRSY
40513,081LY
43288,6943AWMYKNC
44560,168QC5I2
45833,118XI2
47867,082JUG0DQ8
47870,460MZJDY
49613,118ZJX3T77OW
49907,036B5I1PDCREG
50020,350LS4452
50377,3000RION
51259,118FOZ28V
52407,082AM6DNL
53195,118RAX31EOEC
54876,082XY13DF6
55708,350HT4JDDZ3HG
57077,1181XVKF
58227,561CM95Q
63101,036BY
63447,317M04ICA
63821,082NGO4B
65774,460M377J1BZ2C02
66876,300A1R8ASNYOK
68597,694QL2QDI
70944,168GHMVG6
72407,387FO2WN47EOX
72647,082QAQGL6J8C2
72808,300F154NFNY0
74073,1185YSVZ0YSU2C
75684,4554SCBFHW49QDG
75853,0825
77290,082C2R
77849,694M9UBEHW6IA
78532,168Z8047A2WT7
78864,0388ED9BV2F4
83390,1687TV51T5L
83560,283647Z7G10HUS
84210,5783CGBXADRJ
85402,387VFPF
85769,118P2MZN9VDGH
91383,460IIS
92102,471AHWK
93258,081E2LBWEGG078
93619,082QZSSXGMMBXJ
95319,082YS5UV
96500,694D71T
96607,3178GV
96827,082JJ8S
97859,082OS
100290,0828BHG3J0I0JPF
100561,082T6
104299,317W68BXKGD
104373,460JL7AQSLTJE5
105165,090UFWYF
105381,081L9QNXSWB
105567,455OQ
105868,168BFHEJ3A7SBU
107680,455XYM6VWC
107909,082WK7QU3
109114,472L4CLDZMPJIP
111252,317KXSIUS
113631,3174BHA1KYX
114727,300GOC0FPI
114772,1184CK0J
114836,694U0JHEQW4H
114850,168SDFOS1OEJ
115516,424HSB
118230,350EOM
119553,0826R
120044,317B7WY5EC
121378,082SLO3L
122480,268M3PAF
123743,3178F6L
126334,30008GWY
127449,081UDOWIQX1L
127695,082OU3N
127942,694JALJUO
128133,6141UQVDSK1Q
128242,082U5QRZKNJC
128320,455WBSZ7AG68E
128321,300QG10KS0
128327,082K23Y0P
128337,082B44KFBS661YF
128650,460FL01U5RF2D6
128793,118XBQ4W8NL
128809,082E60NTDH
129281,471GI2IDMI
129493,038ZQ9O86JE
130663,471T7YKU8NEG5O
131282,118KK9DPGRVL3
131436,081N8TNOFSGK
51,4249OOQ
372,387DMP
1739,554YP1F4
2416,168GX
2792,118WNQI4652PB0
3291,1681OUM5C1
4831,455JH97EWLAZG7I
5330,4553RVY
6261,082H6LFDSQ0
6390,3178K6OGC4GQLJ6
6872,118KJIIGPE6Q
6974,317TM0HOYQX
9255,082KJHP
11053,472JJ8T2B8F3
11317,168CM0E7T3JC
11682,082WWBGRU
12048,561IX
14775,081LQD6
15651,648RJOXO9C74
22554,424GL6C3A
22568,424E2R4ZPES1V1
22640,471PIN
22849,1685YRVIWRPI
24463,118MMGZ
31840,42482
32582,387KV2SUNL2FA
33668,317L4PY3CV
36158,3172GKK86O5UX17
37991,455MFEZ1HPC
40161,082XD7GNUBP
40226,118C5
40297,118C3W3X8BDMZM
40907,561YD3QEU2F
41134,561NKMM2W6
42889,118W5ZB0Q7J
45651,614PMV17F
46073,471CNFWSY4SZYIG
48138,460UPGC4SF
49439,455I63IA
49688,694B13W
49703,350ZTT3Z9V4T3
49878,082CN91Q
57099,118EV8
57277,168MWJ4HG
57462,082FFI8XNH
57469,300HANZYLO
57482,694OF7OMEWAHZ
59038,563ROMS
59420,08244KMDSVDKP
65864,081762UXO
66636,455JT4BYCS4QHLU
67547,3175L3LTX8469ZD
70148,300FFX
73058,47100799Z
74017,6268BR3CR72ZB
75799,317UKOK2G
76020,16894VP
79401,082Y1B1S4APZG
79719,455ZJIXBZ9ZQO
79786,578MEH
87819,317YLO7TV
89722,561BD2S4ZZY5A
89799,0822G0ODXA8I9F
89802,3171VM
91186,300T2
92779,1181AIIODD
99309,35344KZ3VSUM1F
100133,5782UM9V4Z
102591,082NY48EV5A1J
103160,554VW8ZH
104929,317CWPZ
110857,424N0WVS5VN
111552,317NAPS5VLOP
113615,4713IAP45PQG02
118580,387O56
120299,036495C3FG3C88D
121235,3176XMAWTR5BRF9
121744,036VA4
126277,168CW8G8CLGWFDI
126634,118BBYZ24KYVRWA
128099,648QIJ38NW0
128144,0829Y6KDLIY
130045,1189VJ
131421,648RBI2VOF2CM
132131,08223VBRWLEFR
132729,471DPW8ODUU3
132912,471DTEIDK
133588,455DFGQY
134934,082LIDGEICPO
137316,3002E8D39PZ6
138015,218BH6U
138845,300R41LFBRMG
138846,3171J35G
138935,3002L
139069,0821YU6CZOK0E
139071,082LD4PAEQX
139115,118CSU3OQK66
139313,082IIRLOYUS
139315,082E60D09
139419,317Z617MA9YE0
140315,578110
142567,03613RSAC
3,694TU9WHDFESYNU
32,455XEEY
498,455EK
569,424W8
578,300BKQVYJL2NU
1131,4245JT9N
1586,455PF1C9
1948,317Y1NHH4F2
2486,317SKCI9N00QA
2898,460A112NL5BZAOM
3622,118AKH
3752,11892U3M
4206,177QL
4641,081BS4LWXMNDYM3
4715,4710YT09P7
5487,082RPIV1TFAFP2Q
6522,283TPMLQCG
6633,081RLTKDTMCWOOA
6883,3172V4IQMP
7636,036W8D3
7715,082TL5L
7832,4726I9
7918,082CNM4
9673,460QKC
10167,082TT
10189,3005UT9TKU4
11403,11880XN
11408,036DMKI8XMRG
15018,472QXAGKJ
15046,6940GTWW
15351,168IKW5SGIWG6L
15498,082MCAAZXUUJ
15559,472U6
16208,168IWLCHZS
19225,0368NIYO9QS
23913,694F0PI3JA7I71
24570,1687DYXGW1IC
28357,4722DTG
30005,036FAWWWSPF4B
30071,3173W60II0
30117,350AUQYSZUQ60
31726,694B21
31728,168QVXA21
32912,082KT
35001,081ZLLARZ824W59
35028,118PDBN4XO
35165,350AKJYMPGN203
35521,350WYP1HWEHBCR8
37220,418SYN3
38489,038F3S4B3
38822,118XNBDUH1FX
38856,1182T7KBM2TK
39041,563YUN
39129,5780P6Y7Y
39195,1684S88B258DGD7
41035,300QHEACQ
42152,038GHV7V7CR4LE
42296,1187F4
42500,350EP
42828,082DS6WYEY5Q2
43446,081S3OXWPL465
43739,081AASEOK01BWRG
43800,472LQE0A2KA1V
43970,317393ATYLUH
44495,1189MEIC4TR3DDJ
45828,11893IM52AP
46136,3174N7H63O4TJT4
47250,471R3977
49582,387B5PWQROHJ9
52031,387HS
52878,300CSE
53115,118WTIOJLTFD2N0
53383,036MOBI1
53457,0813ZW74S3U
56021,082VHEBUPU
56370,1685H2L93Z
57189,3006Y0GLYHV75X
57872,471RP0
57924,47100FOA6
58016,118H5NF7LO
59838,578E5TU
60149,036BQK
61153,268NYZ7GELY
61886,5780BYB4OFEZHFY
65069,036C0G2X
65385,543TOOU9AUDWXNQ
67178,350IGIRFDPY
69104,424G0NU
69450,424341PVPQL
69560,082VM6
69875,563KF42EPWV7BV
70370,2833CE9JSN3TX
72116,08245D89POUMJ
72179,300S7GEK84O4JR
77142,578NAYX8
78584,317015
80576,455MBI5DQ2KRG
82503,387GZMF11
84889,31780ALAYGX
85531,561H5NF7LO
85950,563SJU
86048,0819T
86567,317KI18MQOVUEE
88111,471VZU659SBR
88365,168XWM94U
88954,0829MMS03OPS3ZD
88965,0823TC
89109,082U8EBD8R7
89486,300GA8
90222,082C94RZT8L2
90704,16817F1UPI
90830,082M93LDYS
94430,0829O6V6G3ZPOM
94438,42499V1JTVU
94539,168CNWB46
94540,118J1YABZ3BI
94561,350K60DQZX6JE
94585,350A7E
94590,168BM7X8JY
94600,036MT2NE
94632,300OKVEBE07
94994,036D6IXOUF6ZGI
95891,118TK
100377,5787PMAK5
100459,168ZNHOA48
101047,471VP61G67
101084,4719E
102359,472TCVC4TF2
103654,0819T2
105189,118AVTB
106051,168NVMD7
110122,082D5YJFSO
112160,4719L8PHNAB
113499,038VQK
113858,168KCV268U
114400,424EWYW
115902,118F07C18VSX
116510,3000GLPF
117029,460JA9173TYVM
117032,268GYGR4Q
117228,57889
117289,168SLR3RBZKG46
117345,168FPL
117609,168Q327XE1H
118228,168HYDHLDSO5Y
118793,168YC8DY1XLRD
119323,455KXI
121375,082WKF
122969,118KM8ITUA9K0C
123232,0365WDHRW
126632,350Y3AJ9BW6
128842,168PP3X3H6NLTL8
128978,1183GQZ2N7
129313,554A2
129735,118UWLW
132595,455OH1OT8VGS
134528,578AGMJY
138514,317ZTHF5JBYCFL
139195,11859OT9DBK9UU
140410,471NV9NE
140896,455PU96XKRPKR
141374,424EMRAT
141794,350C1P
141922,387JL0DVH3SLCKI
143707,082BX5R1YP
144268,300OBYAZ
144285,350AXH7TVJ9BK7
145755,317VQFJG7T7WUO
148572,082U30UBOFWH4
150486,563AFLJJ6
150711,3175LD1CLS
150892,460HV5CERDJO
151420,6142BGFHEEFGI
151740,578LX2NQ35I
152698,0816B3P5BD
153006,0816XUAJ
153022,1687JPK6II70ECB
153818,082VVD
158211,460IMBXHH
158895,387SLS
164804,300HIZPVXP4JOG8
166810,036X0WBP
167536,118JQH1TDBO0ZB
167931,4241VBPU1K5EZY
169025,460JH0C2Y
170764,036IFEJ
174128,118ZIZIX2
174806,455VZW6Z9
178261,563VC7DKVF
179874,300A2TXE16BUG
180333,118EY73MQFI8SM
180753,471B6NXZ95S0
183657,300DO0F8AVB
184483,694SIZME
185790,300SJJGD
187169,387UMYLP4TVHW5
188378,0815RVP
190462,1684BDCH1CMLGMD
192580,300ATFJC9E
198808,317YIWTO7RZN
199124,118VJKYCSV2IR
210064,038A8
212057,5785PDLTPQFO
216331,455GYOLDI8DOY
217908,4724J
218770,268WGQFHDNB
220782,455Q4E0CHI
225873,300XOBAU7T
228598,424O8B8M61UD7
231637,578O0A00J9QRM
240623,081VULDYK68B
240631,648TUCETHSV5MC
242471,350C1A
242554,460R3IFUQUO6
242569,317RIEYTRU7Z7Q
251879,268RC
253013,694DSKFPZH03YJ8
254654,4552IFBWO6
254658,268WUBS
257282,455GC7CLMH
260430,1189LHMO
261441,317C9
262350,4559J0
263887,455Z5B56T32
264354,387GI2IDMI
264729,036MXCXDF
264751,455U449Z
264805,118PO4W6W7I
264809,317RXBQZ628LK
264858,350XH8E
265066,168ZMTC
265068,0815FM6J7W0I7U
265076,0825L8X
265218,4558GP4V5BNAL
269090,626RI2UWTJHRI
269678,472E1FODW6
269714,6144CQTJUJ9
114,081NI1JZ
944,168969LATJMJQA9
3038,3003H
5705,1180R
6168,118PPX5E
6231,082QC6WPR
6312,1181QD1D8MTC
6966,694BC2R
8093,118406OX9I2
8286,424YNO6UFNZB
8850,6941FEILG5LJKH
12662,082TB1A
15314,038I21WL9BI1CU
15868,036ML
16689,300XR5KJF8KERYG
17625,300S12LJULS
20454,694Q4GDWK
23320,424QWIB1R
23397,69435CQ4
25132,4600XJ1VF
25198,081WEN959Y7ILA
39763,455DK0FCJV0D8X
43833,317ZOGAWL0
45091,218NNMVED
45157,118JHJ72
45159,118H9WFN
45329,08115V6MIY
48951,1688L4YS
50721,082XLYK2
50887,082X3QXRRVR1
52885,036GG2L
52979,694TJFQZIJ
53121,1688G9WXD
55642,30059HJ6IJ1V5
55731,168WC
55745,168YNA7GKP4TE
55747,168YYMG55GPG
63926,30091A0
64867,090FYO3SQQU
65898,082L0L
66254,1181OIF
66389,578DXXSSDED
70295,1184UXZ
71280,4710AR5T
71903,0813YU9BF
73670,118U4
77860,472F7F
77874,472405H7
78008,4247PTJ
78198,424DIMQPPST
78228,168YSMFFJFR3
78580,424546XRW
79069,424L9C39N
80438,424H9M6I0UQD
80902,694LMNTZM
81033,614OUOYD862N4E
81064,694TS55Y
81850,4248OGQ0J
81943,472SJYRTXS7U4VW
82371,694TEIFLBU0513O
83665,082AUHRO2Y
84664,424PYTU3PJ
85098,268Y4UIV
86734,563BGDKBCKF36G
87408,081II3FVOPT
89578,168P3EYO
94192,0810L
94421,350R3ADQHH
95586,082H5NF7LO
95902,455C6IKRG
97623,455YVT6VRG6WC
99555,036XUR5YRCP
99895,082TKVER63
100670,6946N7X
100873,082KZGNIZ
100909,118YJJ
104826,081PBB
107591,300JA
110857,317GKNEVBTSXKC
110925,317PFO
111015,081JHEG273CF
111113,168TJL9NS5X5UZ4
111121,090PRGKT01
111223,1183BM7NWD
111235,1689FD
111249,471YG2DXCOOKZNN
111255,081LK970Z
111271,168JDJK0FTEZAJ
111273,168EZKO
111283,082L
111285,0821RHJXTYT6
112430,268PF1Z
112866,090IK
17,11834KTK4
35,38710UQ
41,387SGKNFZN8QWCF
151,0825KP7IYYR
198,0823AWMY
400,578WCFRC8
810,082ONSXM
1924,036U8217QOE1M
2000,472PILIQ2
2012,081C7FKUQJF1
3056,082YB6
3087,4714JC8GO6USS
4110,082LJODVUI2
5502,472SCNMRIB4Z8T
5820,082OXJJKCDQ9Z
6097,1180D19AUVAZE9
6109,0823LS
6166,168LL0E
6994,082G09EWD0
9755,168JW5UX
10298,0819U
10686,455DA3Q2N3A2W
11591,082Z7RHHQZBZ
11996,0823O0TXK3I6
12048,387EG5BW9V4
15105,118QSLROZCGWB
15232,3503BKIKXHSP11
19442,118AGY
20700,350D97EFT2MEE
21646,387W6Y5S
22517,118E7KR
22797,471QSFDIIFDN9
23010,036IZG
23262,471XFZQC41P6I20
23765,082VN4N
23994,168B8BIHLP0
25574,578C3P6
25592,082W04XC1
25616,0823E
26072,578IFJ5S
32774,081DKBU8WIFSH
33918,4558W1AQNI3
43806,42494RFENRY
43855,118HH7KPX
43857,455NQW2KWA17UI
43863,1185T2DJ3O
43908,082BD
43910,082LD8RH8
43912,387JI52MR6
43934,455RCLBBB8KBBEA
43973,1187T68
45701,118OQS
47584,2189GHZ0M
47608,118L2IVE2
47691,317X53O02K2K
50520,118GTWP
52258,0824U88
52892,082KOXJLU
54107,0822RBI
56295,118HLASK16Z
56595,4713LGL9RMCYT9D
57135,082PICZUULUXUB
57777,455GIYX1J53UW
60251,300OZ4ZXOIM6H
60412,31743K2ZBFBZHD
64268,300I39ZJYQ
65331,471R0
65771,082I03
74525,081M40
76726,3501H
76979,0906U2KTWCDDJZ
80564,118QI
81260,0825PDQOI3Z
84010,036G8
86241,3874ODE4TKDKL
88318,300N8TZVX4K9L
95097,300G0KN
95198,0822IMYCF82C0
95580,350MB0NUZDZLXHB
98306,300CH
99621,1185N7
99782,471SC
99830,31713FL3CA7GGY9
100014,1681T7WYQYV
100290,0828DTPO0FB55
100471,3870312E1B94P
100686,082LVYYE
102684,0365T
103225,317VT5DJGEE8S
104117,082FAKQ2MRKYR
105105,082Z2Z1N9RP
107007,168VLN7YM
108286,118XJQ44F
108683,471KFPNO
108780,300IQ69Z37HE
109164,455QHLGOORLUO
109364,455MFLA2ND
109733,082YII6TEULE
109837,118G3MKI29D
109849,118376KFPPL1
109997,118I2
110003,0818IY19YF9A1W
110155,4554XIDODTYP4
110913,168ZYMNEKJJ8
31,455E9QILCD75
8945,0810KEPUEB4U0EG
9086,1186JW
9819,387OWD97DE5F1DU
9899,300M5K6
11628,45580619E7OV2T2
12318,082T775E15U2
12702,08280XN
14901,118GP18
17927,614XMVU
19362,614AAZ
22250,317TDHYD783O
24295,081YSU3
24674,082X53JHZLUPP
25883,648YQ
26959,57858RRSYDR311
27043,082H
27536,082EMS58YU8
33044,268TUKU2JS2BPP7
34347,4713NX6851
35207,1186O
35607,0824WUCQEM
39896,578AD0WBW1D9
55517,460T3DJ06Q4XZA
55550,118SCWWAO1O
56578,4710SKR
69082,3500IG
74612,578R4
77473,4726Y6PL9LYK
77528,300YS76SFCVK5
79828,578C89U
91138,118Y5RK8F0IK
91253,16889KC4AUQC
92164,036S06XVM32P4
95360,036LJDH2MPMB
97234,3505GO0JA1TW
104661,317M75Q
105722,1181ZCJY
106014,300GB
108319,082I0P6B0C
112185,0827U9PF3U0T3F
116076,082GY7IJH4D
117647,418QCO5ISAJ8
118900,4715M4KBK7BHF0W
125692,168KDL
133225,317MSPPZKCH
133982,082LYZXQBXAT
136004,090BQU1FCAD
138588,1186EWUCW
141225,168RO
145033,0823N7BYMG
146761,118SXNXI
146869,118GV9QR82N2SFY
147210,0818HGJ9KV
147291,3008JYV7S9U98I
147364,118Z8G2VNW0769
147386,1689MSFB8
147860,3179DSJ091574K1
148828,300UZEC49J5LBE8
149871,118EDJHL3I2
150719,300YMBMCIZ0
91,081HWR9G
181,455FW3YSP
2057,300037773S0
2257,3173T61FZJCC
2308,455S5CG2
2509,168D5Q
2783,0362UVDBE7RV3
2887,5436Z3QZ
3678,455FMU0ZO3HRT
3941,0826Z9RBN7FTG
6959,4555HP14CVXCZ
8058,118OR4V
9083,317QVKO0LV47
10774,31785
11794,543JZKNWX5
11979,1688D9T12A0YF
16279,118E1PM3HJEL
17432,082IRK6WSJ6Q1Q
17727,455JYC0AX3VOS
17775,1186DD
21316,118AQW4AE4
21410,317KUVQ6XXZCUJ
23152,578Z7Z7T37X2DDZ
29535,42448EIW9Y88
32561,455S5DGR3V0Z7A
33422,471OR4V
36757,300A3
37869,455A4Y3KNZV5N6
38711,471DLO4ZWVAL4
42135,578ABSEPB
43494,08275YK29S
45234,081QMMPR9PA
45861,317NB5NFC5Z
49098,081OK2PO8VTKA2
49124,082Z3SDY
49197,300AU
51669,168HYJ
51961,694P1URRBJWZC
52260,081348Z00
53778,1685SQK5AQ
59181,4729GUGJ
61071,424VEAHCVAABEPL
61122,168L5RZ6GP89GH
61364,455HBTUE
61983,578EKYX2
63883,471AY68UD7CROF
64473,4249J
64914,3002WQOFP9GHC
65237,424LV
65737,472ECD
65769,694PD2ZEZJ
66038,300TFXH6
66257,090SMEYDK
66347,424NRX699DFX6
67398,168E1LU3F
67699,081KQWG25Y
67878,694RFTNAZ4B
68195,424IZI0
68212,424GE6BDIKY88B5
70458,090WF4SPHH8C6
70928,472NMB38FM
72951,45520C6ES1QECX
73160,0824E2XC
74363,424HYULJ84AR38A
77247,300OL2NW
80927,4242096YRK
83837,626A41AWDF0T1
85206,168C6989N
86402,16831C
86960,036JAW13P76WJ4
95338,118JF546HBPMPK1
101380,472CJLNGCPD
107199,38758
107784,082KT2AY0BK1
108889,168SYVQ3EQ0AL
111289,3173O1UZ
111357,300SNJ41OMDG
112903,118AHPGUH6Q
115268,460NNSLS
115394,460PW
115396,460FEEM01
119357,0823HQKT6
120685,0812IQ5UH0K5
125419,471V9YIBKUB
131222,168S7BRXVGZ6
137424,168ZD98XH3
138213,168K5JI0X9
138665,082G973GN6D
138669,081D7ZVS
152023,300XY820VK44YC
152292,082PWOTB9N3JD
152927,082KKAUS
152939,168W9JG3UI
153299,3003DP2V16PCT
84,6140XS
2506,3872FSEUHGR
2821,0820ZC4DFW4UK
4018,082RFV3H9ZWE4
5277,118OO4NAY
5957,036MCLOCZV2
5959,168J9N70TYXAU
6684,168EWGR2BGCFF
14411,0826S
18592,168PPX5E
19173,350LUZ
21024,118N76DNO
26387,081DND9O
27070,081V3CW
29326,1181CL9DIW0
30727,082QU
32175,300NMNBZL9X7
33771,35077F
40367,0827GN
40440,0820R3Y
41521,118UBESRDOE
47839,578QLO4RO8VBN
51552,3171L
54179,563UPO1IX93XT0G
57622,317EE
61412,036QE
64280,578LI6SDES3
65051,614III61BLU
79114,300HIZZFTVD18D
94639,4240KX7ER6U0AN
95503,317QCREEHK3R1V
95513,082J8YIZOHVQ5
95722,561CS
96653,081S6D
101105,317UCM17
103598,168RX
106024,3178CNC0SVBSET
110467,168I8OF84F502BQ
110471,168CUZLU
110504,118SITUV6I5SLB
110506,118KUAHCO5F
110617,300T2KSCO
110922,317CKLB6HJX
119683,3006D1EZR2Q
121387,081GGF78GO
123138,0815V0P
127829,317QMYLH0PI0FQC
139661,081I0NTZ2
144139,350YER4
149332,082EABJTYQI4
152405,036Z20HT5O2UI8
157018,081WKWWZM
169570,218TJNU
169784,300VJWX47AUP6G
171753,168DBSMCJVVDBX
172912,082BW2PPL
173240,317TOZH
173889,036IESAXMYUG2W
175174,082CQ5UPJWX
175896,3175QS1M
175987,350HQU0WU8KJUO
177997,300MZP6O9Y50PT
183531,0820NR
187201,168RW4CHQT94
187923,471EQ6B2X
193257,268EI042
204346,62663
210752,2182CCVNQ6
210770,0829T6
212851,5780PU0OIFP74AF
234054,418BN6BV
241851,455ERBTL
244074,5786QCF2GWO5R
249605,455TWFXRL
254337,268QKSDX
274630,082079JOPMVKPD
278071,0827V
278073,082LYOLOIX
278077,082Y4AF9PV
278102,5789G
278119,3174Y4YTQD
278282,3176XZQHPG73E2
278392,578HC5MWOJIVSCJ
279530,471YG26D9
280827,300MZV
281189,082U52IX6Q7
281867,118MGELY
283883,350PVAICYYU
284405,082R0VAVA97TOM
284587,317MRDW7G
284691,082KJQL6CC3LUD
284791,090KCYU8JA129
285267,626KIL20IG
289187,082VC9LBZ
291599,0827F
291601,082H2106DH3C
303946,317FQFLEZUNE0GO
304018,168HX1D7ZD8BSXC
304123,471I28S07OBJ4L
305050,614SV8UM34QI
307501,168GJISAMLJ7
310222,45556CIV19GQGV
312285,471TO15
312438,3172Y69YA
313128,455N0N
314578,455QUIJ8J
317961,118771ZBF
317966,118T9R
318029,118CTL8FS4
318212,1185KY018A1
318487,118QKQL
318680,118NNPGBPO6
318729,300JKJB8G0R1VXK
318760,118LR6SVRVHSYA
318776,118OG
318785,455G7LXZ
319629,118G08KL7ZLYAT
319693,118COW71SB5
319697,081EN1K29V7Z
319783,082HZFJAIX39T
319791,082NEEF1MHCN
319801,08245J1EJ86
320027,317ZTK9FIU0R
322261,471JUNPY5S
326806,4559D89AVO9FPN
32,3503YR3R6GRH2D
91,036QYXBFJG4P0EU
1027,300N3Y69V0
1199,090FM
1291,118PMW
1711,387CUGAML
2051,118RZXI3
2123,118HTY
2212,350SH8VOIC0ZKP
2401,118JEX6
2533,118DPI
2625,1181YUXAMFJSZZ
2749,694T5L5JMHN1P
5255,081BVQWY0
6006,168Y2V4PHXTG4HU
7720,081ONSXM
8328,082EC2U6Z2
9833,648U5N1V
12481,16884JA07Q5Y9Z1
13556,350CU7L74WK
15803,317KS
17544,168SPL2BS5YCC
18598,118EL58KCZ3RXC
23096,424JMN1HXXOD4
23284,1683MRNDVIVEW2E
24063,168NNLC1C60IZ00
24248,1778M
31308,082WF
33235,1185F9SRNPLT
37468,455ZZ5EKHKBPZH
45185,300JM0XIYS1L87
46957,4713BKIKXHSP11
47021,28308EC7N2FU
51117,082DXCK56IM
61050,036EW
64614,168RGLC
66667,578B0D8O
66975,578OJCVPBDZ93JW
68222,5788UL568J0M
69433,118GK39ASJ6E2HL
73523,563HLVK
75850,036SI6F5
90544,081ZK
99141,1182IMKRBWG
99553,082HQ3VPSNXXVW1
111396,038HLCMRC3UU
115771,317VYT1JUINILTL
122355,1182KN7
124671,69429K
135452,387NHNF0OF
142430,2689ONGP9P130YU
157606,036OFG8A960
157684,036R844QA
159673,08176KUYZ890BUL
159677,082C4M0JVB
160825,283OMO05VSP
171920,350XA2LM4CCI
172132,350AQETUJ2ZF
174611,3177I25
174773,455U5XWLQ9JNXE
174980,387PS5X
175103,387OFSWLI04LYB
175648,082R1ACLFX
1,4247DARPMOQ6
281,543YO1VASKPV
350,455JGIALKU
383,455VP8142KV
1406,3173S
2026,168NR8
8990,090RWFKYZB
10937,082EK2Z
12439,177QD7
16676,0387CS
21321,4550NV5JVYOJW
23926,1689SP43Y3P3C6K
27152,082CCLIFF
31968,177XYVL
36472,118PBVA
39636,177TJ
40901,0360BWG4BB0FW
42568,168OAX5LX
45483,168JQ01178DVOS
47707,4242QUJ56P4UGM
47837,387Y9RP
50399,082LRWP4ZCZTHX
56764,455E8FTQN4DC
61674,3505S9D733UR
61868,350B5PEH
62129,455URSVJ8GMW
67035,283X9
67694,082PMN78H8P
71291,082UJMVFJM7
72954,317XHMGP
81924,118PCOWSWX5V13
89760,317CYZS
89796,460576O6Q0K
91301,082FC
94372,082BNIFA3PMC
94896,082OESONVYP1
97243,038KZ
97691,168WN44RO5
104219,3179EX0
114703,268PJYOF0L
117850,31743HSBAY2LCPB
118172,082NXW1QC
118266,694VAVBECCR
121646,036RB226UZFY79
127527,082RUHZNVR1X4
127635,283HM9
128039,455R7LHRSKUU0M
128221,082D5CE9UBLEGH
128222,082DEG
128340,081DCB
128562,168HC4
128580,1180JJ7NS
128770,4551JVKG
24,168A2APOYUPEJ
3547,350N3TDDR5GVN5
5092,543JH097F4
5370,118UEZ7JN0Y80
6900,082B1BQ53Z7W9Y
7545,350K15
10098,5785A
14784,300U9ZO
15441,694F68P7
15632,317FJ9T8
18807,460R2Z39Z
21059,118MW83KU1P
21568,31726
25020,118FUZKQ4
27964,118R2
31574,471BFJYOGW
48654,168WXIN27ARSAC
48803,082O0VHQ88
48939,036FCQ8TSWDB
74849,387TT2OW
75098,387TNVWECSVVA
84897,4600YLOXH
85096,082G5SNI3DG
88679,300SUOXEDPVYHF5
88955,455HJ8WRX9OHET
89204,4602B8YA0JB2P0
121868,118FQ2ZNLSBQ
122126,56127DBQ7
135414,2189N2
142206,082EM0HROI1
142257,300XI
143774,0825SV
157016,317HA6OJG
157107,082TRS4ABTDRGL
158001,118NJD4NQ
158921,4714MW7
56,455778
9159,455GWD
10395,082SDBY7V
16003,118NP6QJ6JXE
18348,081TLNZCKLNVKM
20538,1184WZ2AWLXZ
20972,0819F8JM4PQTKLU
21020,317BG5GJJG
21305,082GG
37550,0900Q9XVUK7
39343,6943WN
62161,387KK
62683,35050P39MO
64750,561ADDRFGD
64826,168J3V47DPOYY
64975,118UQD
77208,300MH4DY
89845,2185B4CAG
98478,168UTGRAKQ6OK5
100014,1684SI
100024,168XA2HHVKGFP1
101354,3502GM
127079,387NMP9
131143,0828Q15SJT6GEQX
143207,036ZVJ
145302,387IAFQ
151971,3173H9
152578,168H5NF7LO
153061,42486I
157109,578GEULNR8LQS1P
159163,082CFMGV2X6V40
163938,0826UZL5KCE5PX1
167526,090V8
169307,168415AJ1S43L
182441,1185TB
197127,118YSBMCWLL8
197774,118H112AXXIY
199243,0820BOUY1FPA926
199833,082LJN7MJXMCU
200107,317A6NUOEF9PGRD
200279,0828ERUA5U3V
57,081S2
95,0812OKCV
165,455RFIK26V0
775,317PW80Z
2614,455942K50
7202,300GSL1DU
10608,168V50JW6ZI
12155,300AQJGHPHS
12854,118XX8A27
23206,317T6J
25675,0824K
28488,082ENFMAPOZZA
30802,694ITBMOWVXH5
32469,471NDSO
34117,418FZ4W3H1B8C5L
45883,082W3
51691,168BRJW9T3
59708,471YZVVQ8
66186,036HEF8E18
68312,081XYLI6XNNVA
77343,3172CO9XEEJF0KH
89227,168Z5FVD3
96764,350GUYVT9P0
97522,455788K3
101346,082FTU98NNS2EFZ
105874,081KHCOCXI57
109377,455N4L4TQNNN
114121,081FELHEJ8
120159,694QVQS9MB2Z
121280,614H8T5IQ1QDHF7
122395,082YSW0PJUFT
123951,31725FK
124230,4718HTF95J0WET
136197,578PEVQGX
143048,1183BPW
147721,118YWIBWH08T
158985,317BPVVE0BPT8
160616,455WWOX1
164682,082SKKZITB
166414,08154VSM3
167691,455KTCM9SH5
167789,118B44KFBS661YF
168018,168B8VLWYZDH4V
168216,0815W02AOT
168384,168X5CR
16,168STV79
3063,16813IA10O
6396,036QG71LJHB5
10622,082739JWN1X1YI
14539,317SROPDMJCHISU
18796,118AMX0RW
19405,455EQKOWM
20698,350KV0ENI9
21035,5633CWD8TTL9
24195,694PVAOMCVD1ZSW
31225,455URXBJ4EL
33850,08216
34948,6941NA
39847,082HU
39849,082S7EVSQH
39851,082Z5ILJF
39883,0820D1DW1
39887,082XLXBAU7OU
39889,082UXQE6J
39891,082R88J0
39895,082OMD7K4QKD
41943,082ZOG
42233,036AYAE0CD
56267,118OMN
63677,350UWLW
65871,300SZGSKSQ4M65L
68619,300Y066L0X0FK67
89056,1683TRYFBP1SH
90989,455BAMDEM4DM
93516,268JJ6
98579,4715OQERO95YCHP
101264,317ZMHBW9G3ZYZC
101733,081H71CVFGWMS9Q
114132,082FRKWF
118296,317XF
118353,3004Q94G
2151,090BS3MVJY598D
7680,082101IL8L07R
14674,082ZKU11TCMKNF
15444,082EL58KCZ3RXC
32405,168DG2NRFBENY
52195,082RXSC
62589,300JH
71810,118E7IIG9UUR
78859,300SP2X
82444,036J2M3SFPZ1O
123088,4603P3KEAWHDFX
123090,168T9
123220,300U7K
124459,082IP7JA83KX
124568,1187JUD
133465,118SOXDNN
133752,6146S
9,350XAI01HAV
5438,0827JP9T8VFH
8226,317IAESHE9
9041,0821DB2WB87234
9787,0825F9SRNPLT
12523,350EUWV7QS9V
13591,082FZD46T
15786,081R5LL
24153,036G3
27817,168VHB3N5BYA0PJ
27873,168OY
28008,118TZHERTAGRD4
29527,5789W6H6MKAY2LE
31764,082AVOA
37006,4714CCMXELC04V1
39919,118CPJABPKXYU
40933,082CVVW4KLAV
44344,317LUMPH7
45661,082AMYW5H8MK2O
45693,1684I7DYH4O37ED
46098,036XGT5
46116,036C1XH
46158,036H97K
46815,081Y5NR
47631,082VCVWROH
51717,118FFI8XNH
53143,090G93
65061,4557WWO
67926,0827UHAQW
68483,283J1XMOW9ZYVD
86021,317OEWRZLY
86181,317O73ILY5R
87733,0381AISNHY
88250,118R40DT
92447,081KQYZC7UV2YS6
95840,082RSG4489
95872,317ACP6
99602,118W169Y
100224,455L2I3EPJ
101258,3004NC
103571,317WFR87E0
106339,08233YYG
106385,082RBAAYH2
115495,387U7Z81UQ
121574,317A5F
124793,118844XW6U
133439,081TLJ7IPJ3AN
133584,1183N7BYMG
133785,118QT2QUAAC
133993,118WYO2
134002,455Y1NDRYBZ60KP
134459,082NE4M59HWTP
134758,1687DWIDD75DE
134788,1681PS27
134790,168N3JNVKPK6N
134794,1688HZ
134796,16808FLVNF
135699,317Y9O1J78HX
26,168LHW4GU
30,081PT2J3H
5336,16831D6
7403,082JOTJWAE
7513,090VU5Q
7653,694LC0SSUM32W
9503,0818G
12702,0364CJ0GPB
24815,082PC59X0
34911,317CJMKNXXXFM
39618,082TW2AK27G5R9
39825,460M9
45911,168D1
48757,082RFISN25Y
53096,036M5
53190,300EXOEAPMSMFG
66745,082ERC
68189,08250
70091,387LIFA4GXM
74432,317H1S
78481,317ZI8
82064,3007SF708
82978,081EXVPXIYRFO
84298,3170QQT66ZCH3O
87318,118P8OI78O5Q6Q9
87447,455GAQAFZH
89285,118XE
108168,4550F9BFQMJR8FU
108282,455CHNIO1
108552,4556G00R9
108554,455FHBQDZ1X9NIH
109763,268TL8TMYSXT6CP
202,09066TJCL4
222,455QWH0QCZPL
3211,081E4L
4317,08288UXWJPN6
4319,082ID4WWJ9I3J5
4603,4554JVHXNJ6P9X2
5282,168E625HT
5674,082TIH3UBY5GBTG
8641,455TOXLB5
32159,300SK14EJSZO5P4
40069,317IBOURGL5F
43128,471T6OHC7
43198,4713UOO
44375,118QA8D6
50272,082U8QO5G7Q2
51505,081PXPUEF
51990,0360TDBMGNTFBA
53984,168MB9XOQ7M
65521,317ZIG24IBGL81
76244,082O09E
79614,4551MGNOHX7
100679,6144GAX8F9
147403,1188RDQJ6
148334,300EB
149513,4710U3
150464,300NDBUHEUZN
140,455Q26
5043,0814EIS8UK5SV
6112,45543
9252,3177ZBXS
10540,08232M7EPJSM
12627,118IPFE3
26166,0828MZ2ZDFV3
26191,177R5XQKGRKOSQ0
31980,118991UPB9GOS
37324,3505AN
40030,4717T
40521,455HG5
47232,168LGHW4Z4TZL8
49053,578QI2N32
57332,081Q0356HW9Q5NY
58843,177H5NF7LO
68534,3006NHS
70263,455MJ
71301,3175KZ
76031,3178BXMQ59X
76373,082UDHP3V
82023,118RUVLKK8P
98456,177OD
100827,471402WNLS5SL5H
101820,268YLN6WTV
114828,168EF5HK43U8
114871,118PM4
116384,3176R5W
118003,561NEXD79PO
8398,082IC4U7A
10665,0821AXKY
11461,081FNEERL90
12967,210HDY
13555,168Q9MZMV9Q
14499,455ZEE5
19169,57893CBHK5I
22934,168RNIPXHE6DBP
29765,082LBG7WEKSOOUK
33251,300YM4OWA4LR1
36333,0824YGWQ
43718,5611HO
50916,082WBVUX325
55839,350OC
65452,118Y2XFH4CT3TY
66286,168PHCYGTQOQ3X
83430,168NPH38X9H
84295,090A03JSJO
96441,118APN
100238,0814QMYWTB6V6N
101564,218GRF9UZ
111759,300FL
126798,0909B
136179,082OQT6A04E
137078,118O2APEX0J
137704,11843GPYNVF
137754,118QRT73516GKH
148027,082Z9I7AX0Z2JER
148738,455OD5WAO6B
149465,082332NH9K2NI
149700,455WJ3TX4X43S
150166,455HIAU4DB
150486,455YKPL
150653,082ORZ7PXIT
150661,0820DY6TJ6
150663,082OJSV7E7
150685,0820K44OB
150687,082G51IQHAOBK
151389,082GRSB0VPY5V1S
151401,082IUITQID00QLU
2323,317Q4
3887,317XHKNS9472XKF
6039,168IS05KFRYTE
17357,6147LWUBM
25582,082I0JL0EJRN
27506,300GKKU3K5
31437,387ZIPG7
32626,0367ZEH
37449,1686SNM691NF7
39807,082AV
39885,471DE07Z5CLKE
49826,036RQ3Y61707NM
51658,168HQCIQQIF2
61731,317JUFKX7YMH2Q3
63345,118275T2MHQKRQE
72957,418KQ4717N
73808,118LTFTTJKZ
90112,038LH0ODBK63B
93018,455JRU
97891,3178Q7VJ50QPHD
100357,455K4VUYL3DR
100948,300HX1EMOYZG372
101237,081DEDM
101261,168NFT
6366,1682Q524SGN
9111,118GQ
10242,472NMX
14001,1686WCQCF
17702,1189QOR9
18474,300S58
22890,3505EWBCYMYSD
31614,424FETMFJKKJR5B
33338,03897NW
36085,424911
42855,317NY7XW0W49QIH
66451,61422UEDUG5
74531,038YCSM
79876,350Z06YMAB
101770,168DEY8W
106423,08229292N8W5
108702,0816D
133414,168NK8XZPJO0I
135836,168PASZVX
136026,118AZUU3GQWVGRO
136036,118DU66QI
145905,082V47TG
0,578IH279A6J4RFJ
93,3174BQYJO3Q
3177,614B9SWVNYNYL
13795,118A6KZ
23538,0821P
54029,3171UESBZ4KQE
56206,118L4OZQBRS
69396,168Y8TI4EKA
103702,471HSWTZ2FZ89
152036,038SZKCBOFB4
153144,578NM
157748,081MBX5
164112,082ISAYGWNOQ
164196,614TQL6RG0B7MR
164205,036O4VJ
164446,317UYV46BH
164474,471W8D3
3,578JKX6KBQU
617,472KM1JVI
1954,0906ZPS1H6JXFWL
2596,317R5ARIVH3IK6
6251,168JTWIUI2C9QE8
6859,082T5BVPMTV
7226,3508E
7768,081ZR5
10771,081UM80QV8WSDEK
11806,082CZVMA044J4T
17074,0824EIS8UK5SV
22560,0826V22W
22954,036RJQT
27427,1686SIM4H09W7
28467,300I6
42212,081G4ZZYX3
43482,300K08V2Q6R
50213,081WQ8QJASI
51052,3879GGPLIOZR2D
53282,168FWCK
57242,300H7OIHYTN4
57849,3505DHD77
63315,118L83MJBBOZ5KW
63822,082ZNZXRTHW
67854,455ZT6O4EN07SW
70931,455H5NF7LO
73026,082R85CS
81410,08129PZ5JXYD
83672,460O6
83697,168AGCEP
83701,168CFOIT4I45RV
84103,1683VO85C
92589,036KOGV1Q1Q4AP
123489,317CIA3
127524,082D19F698
128736,460OZMBLX
129361,455ZN8M
7137,118X35KFCYZM9
7496,561V83
17469,455UEZ
23672,0822FWL0
28089,118ADK
36321,1685WDHRW
43409,090SE38KQF4
44882,472YHGWTSW6D
50626,118JKRV
51097,082V0C3G8COQFX
54732,118BD
54863,1683MIQPKF9IG3Z
54955,317DE7XYW3
54969,081P92DWN
66399,0820VXNT2C
69385,09047R8
73893,614C071
73927,168TK
86100,424M66ZYS083
87024,168C0BE
87521,455O724T
91393,082OJ1X10CJHBR6
106528,1685IMXM5SR
124800,082XT61WXVRXZ5
124859,08297OS
132729,082IEAFGP03
141827,424B4Y
143328,455XSN4RVCN1
148110,300OF
153928,036L42WBVBDRHBY
160795,082RC4NH7M
162495,036JQAUWKPC
165390,300WEI81G76
167809,455OIS2PVS
167861,118C8UVX87PLPJA
167912,30079OYY43
168312,6480ILG1FP1
168360,082WMGQ
33603,168U6QZE2DGGS7
38922,0828LEQL
56292,082QAOG8VGGF4
57917,082L65GNH8DY0W
89893,1182Q9LR5QWZ7
89895,1186VBO57YSLR19
89901,118IL2VO
89903,1187YSW1ZIE
100217,081MRVTDA8JT
106296,038SZ
110673,082AVTB
111375,036QBE6528XK
111640,082FB
111708,0822FDS2
111870,3500RDRLV6B5LVF
